Source ID,Item #,Initiative,Discipline,Category,Deliverable,Action,Assigned To,Reviewer,Status,Notes,Priority,Due Date,Source Due,Priority Weight,Progress %,Status Bucket,Last Updated,Week Ending,Due Quarter,Budget Hours,WBS,IO,Work Group,Planned Week
ei-initiative-001,1,Consistency Workshop,E&I Department,Estimating,Estimate Basis,"Develop an Estimate Basis that applies to projects that don’t have a client design criteria. ""how Kieiwt OGC does projects""",Ahmad Yakuba,Allen Douglas,Started,"build before, during Consistancy Workshops  Homer City
This is needed for Mock Procjects as well",High,,,3,25,Open,,,No Date,,110803,1511,Electrical,
ei-initiative-002,2,Estimate Document Numbering,OGC,Document Control,Teambinder Numbering,Apply TeamBinder Document Numbering to Rock County (E&I),Allen Douglas,,HOLD,Need to finish before Department Meeting Friday 4/24 if possible,High,,HOLD,3,0,Blocked,,,No Date,,110803,1511,Electrical,
ei-initiative-003,3,Estimate Document Numbering,OGC,Document Control,Teambinder Numbering,Show Rock County Example to Department Managers,Allen Douglas,,HOLD,Must complete Item 2 - Rock County Numbering,High,,HOLD,3,0,Blocked,,,No Date,,110803,1511,Electrical,
ei-initiative-004,4,Indicative Tool,Instrumentation and Controls,Estimating,Indicative Tool,"Developing high-level quantities for instrumentation, controls and Telecoms for ammonia plants, to add it to the indicative procedure and data source.",John McGoldrick,,Closed Out,"ETA expected by May 1st. Not fisnihed yet due to commitments with Texas LNG estimate changes.
TLNG holding up progress (at 75%)",Critical,2016-05-15,,4,100,Closed,,,Q2,,110803,1511,Instrumentation,
ei-initiative-005,5,Initiatives - Future,Electrical,Procurement,OGC Estimate Checklist,Electrical Checklist / Matrix / DOR for Pricing Responsiblities,Ahmad Yakuba,Allen Douglas,In Review,"Use Item 44 final documentation as a go-by and produce the same for Electrical
Sent to Allen for review",Medium,,,2,90,Open,,,No Date,,110803,1511,Electrical,
ei-initiative-006,6,Mock Project Files,E&I Department,Engineering,Standard Template,Pull Rock County Master P&IDs for use on future Mock Projects,Allen Douglas,,HOLD,"Sabina has stated that PID set is getting scrubbed; ready May 22nd
RGLNG is ready for use (PID and Plot Plan)",Low,,HOLD,1,0,Blocked,,,No Date,,110803,1511,Electrical,
ei-initiative-007,7,Initiatives - Future,E&I Department,Procurement,Project SharePoint,Update standard folder structure for project and send to Sonya,Ahmad Yakuba,Allen Douglas,Started,Work together through Homer City and submit to DC for implementation,Medium,,,2,25,Open,,,No Date,,110803,1511,Electrical,
ei-initiative-008,8,Initiatives - Future,E&I Department,Estimating,"Historical / Benchmark Improvement
IO 101023945","Ship-Loose database to be used on class2 and indicative estimates quantities, for mechancial equipment.",Ahmed Sherif,,HOLD,"Starting April 23rd. TO start having contact with Aden and Keshika to finalize the modoule's quantities fillout on Query software.
Push to Quarter 3 start to prioritize Energy procedures",Medium,,Q3,2,0,Blocked,,,Q3,,110803,101023945,Electrical,
ei-initiative-009,9,Consistency Workshop,OGC,Department,OGC Estimate Checklist,Review and provide feedback to management on current checklist,Allen Douglas,,Not Started,,Critical,2025-05-12,,4,0,Open,,,Q2,,110803,1511,Electrical,
ei-initiative-010,10,I&C Adapt Logic,Instrumentation and Controls,Estimating,ADAPT - Logic,Re-do logic test to validate changes/corrections by Adapt Team,Keshika Nath Varma,Rene Contreras,Closed Out,"Run the test in Adapt for updates completed by Adapt team.
Some modifications not done yet by Adapt team.",High,2025-05-18,,3,100,Closed,,,Q2,,110803,1511,Instrumentation,
ei-initiative-011,11,Department Display,E&I Department,Estimating,Presentation,Build out Technline Racks and Install equipment / Raceways,Andy Baruth,,HOLD,Texas LNG,Low,,when hell freezes over,1,0,Blocked,,,No Date,,110803,1511,Electrical,
ei-initiative-012,12,White Paper Reports,E&I Department,Estimating,Lessons Learned / White Paper,Manage Procurement Comments,Vendor,,HOLD,Due before next week Wholesale Electric meeting,Critical,,,4,0,Blocked,,,No Date,,110803,1511,Electrical,
ei-initiative-013,13,Consistency Workshop,Instrumentation and Controls,Department,Standard Template,Module Materail Quantity Automation Tool,Ahmed Sherif,,50% Complete,Automate and align BOQ document with ADAPT account codes. Conducted meeting with Ibrahim. Updating BOQ to include necessary details,Low,,Q3,1,50,Open,,,Q3,,110803,1511,Instrumentation,
ei-initiative-014,14,White Paper Reports,E&I Department,Estimating,Lessons Learned / White Paper,RGLNG White Paper(s) TBD,Construction,,HOLD,Allen has emails from Engineering and needs Carlos Serrano at site to give construction lessons learned. Not a push until GTPP Item 11 is complete,Critical,,,4,0,Blocked,,,No Date,,110803,1511,Electrical,
ei-initiative-015,15,Consistency Workshop,E&I Department,Wire and Cable,Cable List,Update / check termination count for all cables - 1.0 version 3 cable list has issues in termination formulas that have to be fixed,Tyler Reck,Andy Baruth,Approved,"06/15/2026 -
1.) Used ""000000-EL-SPC-0005_Wire and Cable Specification"" to add all cables to list.
2.) Wrote formula to quantify terminations and grounding.
3.) Need to write formula on main cable schedule sheet to add Armor and Shield terms.

06/16/2026 - 
1.) Rewrote layouts for each page, to work with new formulas.

06/17/2026 - 
1.) Finished writing new formula for displaying Wire and Cables, Termination, and Gland Pages

06/18/2026 - 
1.) Had meeting with Andy and Raul, tested sheet and got sign off.",High,2026-06-17,,3,100,Closed,,,Q2,,110803,1511,Electrical,
ei-initiative-016,16,Consistency Workshop,Electrical,Grounding,ADAPT - Assemblies / KIDs,Report back to department what grounding in ADAPT looks like,Ali Malik,Allen Douglas,50% Complete,Moves from Oscar to Ali due to Nuclear assigment,High,,Q3,3,50,Open,,,Q3,,110803,1511,Electrical,
ei-initiative-017,17,Initiatives Folder,E&I Department,Department,Standard Template,Create Action Item List for E&I Department Initiative Tracking,Allen Douglas,,Closed Out,Email sent to department to review and provide feedback,High,2026-04-29,,3,100,Closed,,,Q2,,110803,1511,Electrical,
ei-initiative-018,18,Energy Standardization,Energy,Estimating,Excel Spreadsheet,Add KPE documents to Energy Tracker,Ali Malik,Allen Douglas,Closed Out,"Allen needs help with this task. Easy copy and paste
04/30/2026 - Turned back over to Allen to review",Critical,2026-04-30,,4,100,Closed,,,Q2,,110803,1511,Electrical,
ei-initiative-019,19,Vendor Presentations,E&I Department,Estimating,Presentation,Vendor Visit Presenation - Emerson Ovation DCS,Ahmed Sherif,,Closed Out,Presented on 06/22,Low,2026-05-08,,1,100,Closed,,,Q2,,110803,1511,Electrical,
ei-initiative-020,20,Energy Standardization,Electrical,Grounding,Procedure (Energy),Identify where KPE and OGC are different in procedures,Oscar Handal,Allen Douglas,Closed Out,"Started 4/22 per Workshop Findings
06/23/2026 - Procedure template complete",Critical,2026-05-08,,4,100,Closed,,,Q2,,110803,1511,Electrical,
ei-initiative-021,21,Energy Standardization,Electrical,Cable - General,Procedure (Energy),Identify where KPE and OGC are different in procedures,Tyler Reck,Allen Douglas,Not Started,,Critical,2026-06-26,,4,0,Open,,,Q2,,110803,1511,Electrical,
ei-initiative-022,22,Energy Standardization,Electrical,Raceway,Procedure (Energy),Identify where KPE and OGC are different in procedures,Oscar Handal,Allen Douglas,Closed Out,06/23/2026 - Procedure template complete,Critical,2026-06-26,,4,100,Closed,,,Q2,,110803,1511,Electrical,
ei-initiative-023,23,Energy Standardization,Electrical,Lighting,Procedure (Energy),Identify where KPE and OGC are different in procedures,Rojna Ghamsari,Allen Douglas,Closed Out,,Critical,2026-06-26,,4,100,Closed,,,Q2,,110803,1511,Electrical,
ei-initiative-024,21,Energy Standardization,Electrical,Heat Trace,Procedure (Energy),Identify where KPE and OGC are different in procedures,Syed Ali,Allen Douglas,Closed Out,06/24/2026 - Procedure template complete,Critical,2026-06-26,,4,100,Closed,,,Q2,,110803,1511,Electrical,
ei-initiative-025,22,Energy Standardization,Electrical,Lightning Protection,Procedure (Energy),Identify where KPE and OGC are different in procedures,Ahmad Yakuba,Allen Douglas,Not Started,,Critical,2026-06-26,,4,0,Open,,,Q2,,110803,1511,Electrical,
ei-initiative-026,23,Energy Standardization,Electrical,Cathodic Protection,Procedure (Energy),Identify where KPE and OGC are different in procedures,Ahmad Yakuba,Allen Douglas,Not Started,,Critical,2026-06-26,,4,0,Open,,,Q2,,110803,1511,Electrical,
ei-initiative-027,24,Energy Standardization,Electrical,Temporary Power,Procedure (Energy),Identify where KPE and OGC are different in procedures,Syed Ali,Allen Douglas,Closed Out,06/24/2026 - Procedure template complete,Critical,2026-06-26,,4,100,Closed,,,Q2,,110803,1511,Electrical,
ei-initiative-028,25,Energy Standardization,Electrical,Fire Safety System,Procedure (Energy),Identify where KPE and OGC are different in procedures,Keshika Nath Varma,Allen Douglas,Closed Out,,Critical,2026-06-26,,4,100,Closed,,,Q2,,110803,1511,Electrical,
ei-initiative-029,21,Energy Standardization,Electrical,Instrumentation,Procedure (Energy),Identify where KPE and OGC are different in procedures,Keshika Nath Varma,Allen Douglas,Closed Out,,Critical,2026-06-26,,4,100,Closed,,,Q2,,110803,1511,Electrical,
ei-initiative-030,22,Energy Standardization,Electrical,Control Systems,Procedure (Energy),Identify where KPE and OGC are different in procedures,Ahmed Sherif,Allen Douglas,Closed Out,,Critical,2026-06-26,,4,100,Closed,,,Q2,,110803,1511,Electrical,
ei-initiative-031,23,Energy Standardization,Electrical,Telecoms,Procedure (Energy),Identify where KPE and OGC are different in procedures,Rasheed Oduro,Allen Douglas,Closed Out,06/22/2026 - Procedure template complete,Critical,2026-05-08,,4,100,Closed,,,Q2,,110803,1511,Electrical,
ei-initiative-032,24,Energy Standardization,Electrical,Security,Procedure (Energy),Identify where KPE and OGC are different in procedures,Rasheed Oduro,Allen Douglas,Closed Out,06/22/2026 - Procedure template complete,Critical,2026-05-08,,4,100,Closed,,,Q2,,110803,1511,Electrical,
ei-initiative-033,25,Energy Standardization,Electrical,Facility Equipment,Procedure (Energy),Created template procedure for equipment & devices takeoff,Dilan Centeno,Ali Malik,Not Started,,Critical,,Q2,4,0,Open,,,Q2,,110803,1511,Electrical,
ei-initiative-034,21,Energy Standardization,Electrical,Equipment and Devices,Procedure (Energy),Created template procedure for equipment & devices takeoff,Dilan Centeno,Ali Malik,Closed Out,Procedure template reviewed and completed (6/26),Critical,,Q2,4,100,Closed,,,Q2,,110803,1511,Electrical,
ei-initiative-035,21,Consistency Workshop,Electrical,Lighting,ADAPT - Assemblies / KIDs,Align ADAPT with KOE Installation Details (follow Grounding method),Oscar Handal,Allen Douglas,25% Complete,"Requires the completion of Grounding as a go-by
06/25/2026 - Started Task parallel to grounding",High,,Q3,3,30,Open,,,Q3,,110803,1511,Electrical,
ei-initiative-036,22,Consistency Workshop,Electrical,Cable Tray,ADAPT - Assemblies / KIDs,Align ADAPT with KOE Installation Details (follow Grounding method),Available,,HOLD,Requires the completion of Grounding as a go-by,High,,,3,0,Blocked,,,No Date,,110803,1511,Electrical,
ei-initiative-037,23,Consistency Workshop,Electrical,Conduit,ADAPT - Assemblies / KIDs,Align ADAPT with KOE Installation Details (follow Grounding method),Available,,HOLD,Requires the completion of Grounding as a go-by,High,,,3,0,Blocked,,,No Date,,110803,1511,Electrical,
ei-initiative-038,24,Consistency Workshop,Electrical,Channel Tray,ADAPT - Assemblies / KIDs,Align ADAPT with KOE Installation Details (follow Grounding method),Available,,HOLD,Requires the completion of Grounding as a go-by,High,,,3,0,Blocked,,,No Date,,110803,1511,Electrical,
ei-initiative-039,25,Consistency Workshop,Electrical,DuctBank,ADAPT - Assemblies / KIDs,Align ADAPT with KOE Installation Details (follow Grounding method),Available,,HOLD,Requires the completion of Grounding as a go-by,High,,,3,0,Blocked,,,No Date,,110803,1511,Electrical,
ei-initiative-040,26,Consistency Workshop,Electrical,Heat Trace,ADAPT - Assemblies / KIDs,Align ADAPT with KOE Installation Details (follow Grounding method),Available,,HOLD,Requires the completion of Grounding as a go-by,High,,,3,0,Blocked,,,No Date,,110803,1511,Electrical,
ei-initiative-041,27,Consistency Workshop,Electrical,Lightning Protection,ADAPT - Assemblies / KIDs,Align ADAPT with KOE Installation Details (follow Grounding method),Rasheed Oduro,,HOLD,"Requires the completion of Grounding as a go-by

6/19 - Located Masts and Catenary Masts drawing details for assemblies
6/22 - Acquired data from KNS parts list drawing E11065-­F-­5101
6/23 - Pause due to contingencies on grounding",High,,,3,20,Blocked,,,No Date,,110803,1511,Electrical,
ei-initiative-042,28,Consistency Workshop,Electrical,Receptacle-120V,ADAPT - Assemblies / KIDs,Align ADAPT with KOE Installation Details (follow Grounding method),Available,,HOLD,Requires the completion of Grounding as a go-by,High,,,3,0,Blocked,,,No Date,,110803,1511,Electrical,
ei-initiative-043,29,Consistency Workshop,Electrical,Receptacle-480V,ADAPT - Assemblies / KIDs,Align ADAPT with KOE Installation Details (follow Grounding method),Available,,HOLD,Requires the completion of Grounding as a go-by,High,,,3,0,Blocked,,,No Date,,110803,1511,Electrical,
ei-initiative-044,30,Consistency Workshop,Electrical,Temporary Power,ADAPT - Assemblies / KIDs,Align ADAPT with KOE Installation Details (follow Grounding method),Available,,HOLD,Requires the completion of Grounding as a go-by,High,,,3,0,Blocked,,,No Date,,110803,1511,Electrical,
ei-initiative-045,31,Consistency Workshop,Electrical,Wire and Cable,ADAPT - Assemblies / KIDs,Align ADAPT with KOE Installation Details (follow Grounding method),Available,,HOLD,Requires the completion of Grounding as a go-by,High,,,3,0,Blocked,,,No Date,,110803,1511,Electrical,
ei-initiative-046,32,Energy Standardization,E&I Department,Department,Procedure (Energy),Review and pick up comments on Playbook,Allen Douglas,,Closed Out,Confirm in Wednesday meeting what is next step (if any),Critical,2026-05-08,,4,100,Closed,,,Q2,,110803,1511,Electrical,
ei-initiative-047,33,Consistency Workshop,Electrical,Lighting,"Training Improvement
IO 101023951","Align on ""cradle to grave"" of this Catgory  and identify Action Items",Available,,HOLD,Requires the completion of Grounding as a go-by,High,,,3,0,Blocked,,,No Date,,110803,101023951,Electrical,
ei-initiative-048,34,Consistency Workshop,Electrical,Cable Tray,"Training Improvement
IO 101023951","Align on ""cradle to grave"" of this Catgory  and identify Action Items",Rasheed Oduro,,HOLD,"Requires the completion of Grounding as a go-by

6/22 - Getting head start while Grounding is still in process.",High,,,3,10,Blocked,,,No Date,,110803,101023951,Electrical,
ei-initiative-049,35,Consistency Workshop,Electrical,Conduit,"Training Improvement
IO 101023951","Align on ""cradle to grave"" of this Catgory  and identify Action Items",Available,,HOLD,Requires the completion of Grounding as a go-by,High,,,3,0,Blocked,,,No Date,,110803,101023951,Electrical,
ei-initiative-050,36,Consistency Workshop,Electrical,Channel Tray,"Training Improvement
IO 101023951","Align on ""cradle to grave"" of this Catgory  and identify Action Items",Available,,HOLD,Requires the completion of Grounding as a go-by,High,,,3,0,Blocked,,,No Date,,110803,101023951,Electrical,
ei-initiative-051,37,Consistency Workshop,Electrical,DuctBank,"Training Improvement
IO 101023951","Align on ""cradle to grave"" of this Catgory  and identify Action Items",Available,,HOLD,Requires the completion of Grounding as a go-by,High,,,3,0,Blocked,,,No Date,,110803,101023951,Electrical,
ei-initiative-052,38,Consistency Workshop,Electrical,Heat Trace,"Training Improvement
IO 101023951","Align on ""cradle to grave"" of this Catgory  and identify Action Items",Available,,HOLD,Requires the completion of Grounding as a go-by,High,,,3,0,Blocked,,,No Date,,110803,101023951,Electrical,
ei-initiative-053,39,Consistency Workshop,Electrical,Lightning Protection,"Training Improvement
IO 101023951","Align on ""cradle to grave"" of this Catgory  and identify Action Items",Rasheed Oduro,,HOLD,"Requires the completion of Grounding as a go-by

6/23 - Placed",High,,,3,20,Blocked,,,No Date,,110803,101023951,Electrical,
ei-initiative-054,40,Consistency Workshop,Electrical,Receptacle-120V,"Training Improvement
IO 101023951","Align on ""cradle to grave"" of this Catgory  and identify Action Items",Available,,HOLD,Requires the completion of Grounding as a go-by,High,,,3,0,Blocked,,,No Date,,110803,101023951,Electrical,
ei-initiative-055,41,Consistency Workshop,Electrical,Receptacle-480V,"Training Improvement
IO 101023951","Align on ""cradle to grave"" of this Catgory  and identify Action Items",Available,,HOLD,Requires the completion of Grounding as a go-by,High,,,3,0,Blocked,,,No Date,,110803,101023951,Electrical,
ei-initiative-056,42,Consistency Workshop,Electrical,Temporary Power,"Training Improvement
IO 101023951","Align on ""cradle to grave"" of this Catgory  and identify Action Items",Available,,HOLD,Requires the completion of Grounding as a go-by,High,,,3,0,Blocked,,,No Date,,110803,101023951,Electrical,
ei-initiative-057,43,Consistency Workshop,Electrical,Wire and Cable,"Training Improvement
IO 101023951","Align on ""cradle to grave"" of this Catgory  and identify Action Items",Available,,HOLD,Requires the completion of Grounding as a go-by,High,,,3,0,Blocked,,,No Date,,110803,101023951,Electrical,
ei-initiative-058,44,Temporary Power,Electrical,Temporary Power,Procedure (OGC),Generate Temporary Power Templates,Jacob Farsalas,,Closed Out,Pull most recent project worksheets into folder and turn into maste templates for future use - to Syed,Critical,2026-05-08,,4,100,Closed,,,Q2,,110803,1511,Electrical,
ei-initiative-059,45,Consistency Workshop,E&I Department,Cable - General,"Training Improvement
IO 101023951","Align on ""cradle to grave"" of this Catgory  and identify Action Items",Available,,HOLD,Requires the completion of Grounding as a go-by,High,,,3,0,Blocked,,,No Date,,110803,101023951,Electrical,
ei-initiative-060,46,Consistency Workshop,Electrical,Procurement,Procurement - RFQ,Standardize RFQ from Procurement Template to ADAPT Automation,Rasheed Oduro,,Not Started,Need other Iniatiatives completed before this can start,Medium,,,2,0,Open,,,No Date,,110803,1511,Electrical,
ei-initiative-061,47,Initiatives - Future,E&I Department,Department,KOE Installation Detail,"Produce a document that gives acceptable ""or Equal"" part numbers",Available,,Not Started,TBD on who will own this list after completed - Impact to GTPP White Paper,Medium,,,2,0,Open,,,No Date,,110803,1511,Electrical,
ei-initiative-062,48,Energy Standardization,E&I Department,Conduit,Procurement - QCS,"Standardize 4.30.400 Conduit QCS to align with OGC standards, ADAPT material master, field needs - All possible materials required for installation and supplies. Goal is to use this and not clone from each project QCS",Dilan Centeno,,Not Started,Added 6/8,Low,,Q3,1,0,Open,,,Q3,,110803,1511,Electrical,
ei-initiative-063,49,Energy Standardization,Electrical,Lighting,Procurement - QCS,"Standardize 4.30.440 Lighting Bulks QCS to align with OGC standards, ADAPT material master, field needs - All possible materials required for installation and supplies. Goal is to use this and not clone from each project QCS",Dilan Centeno,,Not Started,Added 6/8,Low,,Q3,1,0,Open,,,Q3,,110803,1511,Electrical,
ei-initiative-064,50,Energy Standardization,Electrical,Equipment and Devices,Procurement - QCS,"Standardize 4.30.450 Equipment and Devices QCS to align with OGC standards, ADAPT material master, field needs - All possible materials required for installation and supplies. Goal is to use this and not clone from each project QCS",Available,,Not Started,,Low,,Q3,1,0,Open,,,Q3,,110803,1511,Electrical,
ei-initiative-065,51,I&C Adapt Logic,Instrumentation and Controls,Estimating,ADAPT - Report,"Report templates prepared and sent for implementation. 
Adapt Team to complete programing to generate reports.",ADAPT,Rene Contreras,HOLD,Adapt Team confirmed Reports will be implemented in 2.0. (timeline: end of year),Low,,,1,0,Blocked,,,No Date,,110803,1511,Instrumentation,
ei-initiative-066,52,Energy Standardization,Electrical,Terminations,Procurement - QCS,"Standardize 4.30.410 Terminations to align with OGC standards, ADAPT material master, field needs - All possible materials required for installation and supplies. Goal is to use this and not clone from each project QCS",Available,,25% Complete,QCS crreated and updated to ADAPT but need to link to materials and peer review and send to Procurement Team - Mohan Started,Low,,Q3,1,25,Open,,,Q3,,110803,1511,Electrical,
ei-initiative-067,53,Energy Standardization,Electrical,Wire and Cable,Procurement - QCS,"Standardize 4.30.505  Temp Power Wire & Cable QCS to align with OGC standards, ADAPT material master, field needs - All possible materials required for installation and supplies. Goal is to use this and not clone from each project QCS",Available,,Not Started,,Low,,Q3,1,0,Open,,,Q3,,110803,1511,Electrical,
ei-initiative-068,54,Energy Standardization,Electrical,Heat Trace,Procurement - QCS,"Standardize 4.30.430 Heat Trace QCS to align with OGC standards, ADAPT material master, field needs - All possible materials required for installation and supplies. Goal is to use this and not clone from each project QCS",Keshika Nath Varma,,Not Started,,Low,,Q3,1,0,Open,,,Q3,,110803,1511,Electrical,
ei-initiative-069,55,Energy Standardization,Electrical,Grounding,Procurement - QCS,"Standardize 4.30.410 Grounding QCS to align with OGC standards, ADAPT material master, field needs - All possible materials required for installation and supplies. Goal is to use this and not clone from each project QCS",Available,,Not Started,,Low,,Q3,1,0,Open,,,Q3,,110803,1511,Electrical,
ei-initiative-070,56,Energy Standardization,Electrical,Bulk Materials,Procurement - QCS,"Standardize 4.30.400 Electrical Bulks - Temp Power QCS to align with OGC standards, ADAPT material master, field needs - All possible materials required for installation and supplies. Goal is to use this and not clone from each project QCS",Available,,Not Started,,Low,,Q3,1,0,Open,,,Q3,,110803,1511,Electrical,
ei-initiative-071,57,Energy Standardization,Electrical,Equipment and Devices,Procurement - QCS,"Standardize 4.30.450 Electrical Gear (Temp Power) QCS to align with OGC standards, ADAPT material master, field needs - All possible materials required for installation and supplies. Goal is to use this and not clone from each project QCS",Available,,Not Started,,Low,,Q3,1,0,Open,,,Q3,,110803,1511,Electrical,
ei-initiative-072,58,Indicative Tool,Instrumentation and Controls,Estimating,Indicative Tool,Importing reference projects MEL's and Index into  indicative tool to generate quantities,Rene Contreras,,Closed Out,"Projects: VGCP, FPLNG, CLNG, Cronus, FLNG, TXLNG, Yara",High,2026-05-13,,3,100,Closed,,,Q2,,110803,1511,Instrumentation,
ei-initiative-073,59,TBD - Folder Not Created,Instrumentation and Controls,Procurement,Procurement - RFQ,"AES Solutions - KOE Expert Analysis Cots are a ""0"" cost on projects right now",Raul Ledezma,Allen Douglas,HOLD,"AE Solutions provides KOE with ""review and expert recommendations"" which is currently not quantified on estimates. research how to better add these costs through RFQ process",Low,,Q3,1,0,Blocked,,,Q3,,110803,1511,Instrumentation,
ei-initiative-074,60,Energy Standardization,Electrical,Wire and Cable,Procurement - QCS,"Standardize 4.30.500 Wire and Cable QCS to align with OGC standards, ADAPT material master, field needs - All possible materials required for installation and supplies. Goal is to use this and not clone from each project QCS",Available,,Not Started,,Low,,Q3,1,0,Open,,,Q3,,110803,1511,Electrical,
ei-initiative-075,61,Consistency Workshop,Electrical,Estimating,ADAPT - Assemblies / KIDs,Align ADAPT with KOE Installation Details (follow Grounding method),Available,,HOLD,Requires the completion of Grounding as a go-by,High,,Q3,3,0,Blocked,,,Q3,,110803,1511,Electrical,
ei-initiative-076,62,Consistency Workshop,Electrical,Cathodic Protection,"Training Improvement
IO 101023951","Align on ""cradle to grave"" of this Catgory  and identify Action Items",Available,,HOLD,Requires the completion of Grounding as a go-by,High,,Q3,3,0,Blocked,,,Q3,,110803,101023951,Electrical,
ei-initiative-077,63,Energy Standardization,E&I Department,Estimating,Estimate Basis,"Create standards - what is on/off modules - what to include, how to take it off, and how to report to Module Team",Available,,HOLD,Needs all estimating manuals completed first for takeoff before we can complete this item,High,,Q3,3,0,Blocked,,,Q3,,110803,1511,Electrical,
ei-initiative-078,64,Energy Standardization,Electrical,Terminations,Procurement - QCS,"Standardize 4.20.485 Hi-Pot Testing QCS to align with OGC standards, ADAPT material master, field needs - All possible materials required for installation and supplies. Goal is to use this and not clone from each project QCS",Keshika Nath Varma,,Not Started,,Low,,Q3,1,0,Open,,,Q3,,110803,1511,Electrical,
ei-initiative-079,65,Energy Standardization,Electrical,Sub - Supply & Installation,Procedure (OGC),Create standard and QCS on - Subcontractor install/supply electrical & instrumentation for all labor on all OGC work,Keshika Nath Varma,,Not Started,,Low,,Q3,1,0,Open,,,Q3,,110803,1511,Electrical,
ei-initiative-080,66,Energy Standardization,Electrical,Cable Tray,Procurement - QCS,"Standardize 4.30.560 Cable Tray QCS to align with OGC standards, ADAPT material master, field needs - All possible materials required for installation and supplies. Goal is to use this and not clone from each project QCS",Andy Baruth,,HOLD,QCS crreated and updated to ADAPT but need to link to materials and peer review and send to Procurement Team,Low,,Q3,1,0,Blocked,,,Q3,,110803,1511,Electrical,
ei-initiative-081,67,Energy Standardization,Electrical,Construction,Procedure (OGC),"Create a procedure standardizing construction power - all inclusive - We have KPE one that needs to be updated and modified. Also need to standardize switchgear type packaged equipment, and SOOW cord wiring for equipment in the field (end to end with slack)",Available,,Not Started,,Medium,,,2,0,Open,,,No Date,,110803,1511,Electrical,
ei-initiative-082,68,TBD - Folder Not Created,E&I Department,Engineering,Procedure (OGC),Turn A/R material into known quantities - Align with Engineering,Available,,Not Started,both S3D and ADAPT need real quantites and should match when takeoffs are performed. Updates will need to be required to all KEGI insatallation details.,Medium,,Q3,2,0,Open,,,Q3,,110803,1511,Electrical,
ei-initiative-083,69,TBD - Folder Not Created,E&I Department,Bulk Materials,Procedure (OGC),Consumables Procedures,Ahmed Sherif,,25% Complete,"understand and discuss how to best capture consumables such as lubricant for wire and cable pulling, terimation coatings, etc.",Medium,,Q3,2,25,Open,,,Q3,,110803,1511,Electrical,
ei-initiative-084,70,TBD - Folder Not Created,Electrical,Grounding,Procedure (OGC),Ratios for tieing ground connections,Available,,Not Started,currently everything is built on perfect installations. it is known that cable reels are limited and transitions of cable require additional material (4/0 to 4/0 compression connections). Discuss and plan how to implement a ratio or understand that it is acceptable as part of waste percentages. The answer needs to be part of procedure.,Medium,,Q3,2,0,Open,,,Q3,,110803,1511,Electrical,
ei-initiative-085,71,Indicative Tool,Electrical,Estimating,Indicative Tool,Electrical Indicative Tool,Dilan Centeno,Ali Malik,Closed Out,"05/06/2026, moved to the below link.  This still requires quarterly maintainance. https://portal.kiewit.com/:f:/r/sites/1EElectrical/Shared%20Documents/1E%20Electrical%20and%20Instrumentation%20-%20Department%20Homepage/02.%20Standards/05.%20Indicative%20Tools/01.%20Electrical?csf=1&web=1&e=5XuCO7",Critical,,,4,100,Closed,,,No Date,,110803,1511,Electrical,
ei-initiative-086,72,Indicative Tool,Electrical,Estimating,Indicative Tool,Electrical Indicative Tool Procedure,Dilan Centeno,Ali Malik,Not Started,Review KPE procedure during bluebeam session (upcoming),Low,,Q3,1,0,Open,,,Q3,,110803,1511,Electrical,
ei-initiative-087,73,White Paper Reports,E&I Department,Estimating,Lessons Learned / White Paper,Improve account code documentation notes from site visit,Allen Douglas,,In Review,"Due before next week Wholesale Electric meeting
Review Labor Rates findings and make suggested changes (separate white paper)",Critical,2026-05-15,,4,90,Open,,,Q2,,110803,1511,Electrical,
ei-initiative-088,74,Indicative Tool,Instrumentation and Controls,Estimating,Indicative Tool,Generation of Instruments and MEL quantities Tables from Reference projects.,Rene Contreras,,Closed Out,"Projects: VGCP, FPLNG, CLNG, Cronus, FLNG, TXLNG, Yara
Only Amonia type of plant is left to be included in the procedure. Expected to be added by May 1st.",High,2026-05-15,,3,100,Closed,,,Q2,,110803,1511,Instrumentation,
ei-initiative-089,75,Cable Automation,Electrical,Wire and Cable,Cable List,Power Cable Basis (By Equipment),Mohan Murugesan,,Closed Out,"Sets standard power cables to be used for estimating per Estimate Basis
New Action to Tyler",Low,,,1,100,Closed,,,No Date,,110803,1511,Electrical,
ei-initiative-090,76,Cable Automation,Electrical,Wire and Cable,Cable List,Automated Cable List,Mohan Murugesan,,Closed Out,"Automates the cables required by equpment using the ""Power Cable Basis (By Equipment)"" spreadsheet
New Action to Tyler",Low,,,1,100,Closed,,,No Date,,110803,1511,Electrical,
ei-initiative-091,77,Vendor Presentations,E&I Department,Estimating,Presentation,Vendor Visit Presenation - Fill Out Who,Rasheed Oduro,,75% Complete,"Full time KNS support, set to begin oo after supoort has ended

6/19 - Needs review with Raul",Low,,,1,75,Open,,,No Date,,110803,1511,Electrical,
ei-initiative-092,78,Moved - Procurement Standard,Instrumentation and Controls,Procurement,OGC Estimate Checklist,I&C Procurement DOR,Rasheed Oduro,,Closed Out,Confrim this is complete and notate where its now located on SharePoint for use…or did it get owned by procurement?,High,,,3,100,Closed,,,No Date,,110803,1511,Instrumentation,
ei-initiative-093,79,Energy Standardization,Electrical,Lightning Protection,Procurement - QCS,"Standardize 4.20.355 Lightning Protection QCS to align with OGC standards, ADAPT material master, field needs - All possible materials required for installation and supplies. Goal is to use this and not clone from each project QCS",Rasheed Oduro,,Pause,"6/17 - Spoke with Kevin through Teams. Installation details and procedures are in the toolbox
6/22 - Looking over 000000-EL-DTL-300x_Lightning Protection System (LPS) - Installation Typical Details Drawings",Low,,Q3,1,0,Blocked,,,Q3,,110803,1511,Electrical,
ei-initiative-094,80,Indicative Tool,E&I Department,Department,Indicative Tool,Generation of information for Indicative report from MEL and Instrument Index,Rasheed Oduro,,Closed Out,,Low,,,1,100,Closed,,,No Date,,110803,1511,Electrical,
ei-initiative-095,81,Shiploose Pricing Index,Instrumentation and Controls,Department,"Historical / Benchmark Improvement
IO 101023945",Build historical data base for shiploose equipment to aid in optimized estimate,Rasheed Oduro,,Closed Out,KNS full support,Low,,Q3,1,100,Closed,,,Q3,,110803,101023945,Instrumentation,
ei-initiative-096,82,Initiatives Folder,Instrumentation and Controls,Department,"Historical / Benchmark Improvement
IO 101023945",Build historical data base for instrumentation to aid in optimized estimate,Rasheed Oduro,,Closed Out,,Low,,,1,100,Closed,,,No Date,,110803,101023945,Instrumentation,
ei-initiative-097,83,Consistency Workshop,Instrumentation and Controls,Department,Standard Template,"Project's One Note Template: Develop a one note template for all I&C Class  2 Estimates. This in order to organize quantities, punch items, optimizations, etc all in one place.",Raul Ledezma,,Closed Out,OneNote is complete and available in SharePoint.,Low,,,1,100,Closed,,,No Date,,110803,1511,Instrumentation,
ei-initiative-098,84,Consistency Workshop,Instrumentation and Controls,Department,Standard Template,"New DOR for MTO development, this is between Engineering and Estimating. With the purpose to explain and clarify what are the MTOs and their quality, to be transferred to Estimating phase.",Raul Ledezma,,Closed Out,DOR is completed and located in SharePoint,Low,,,1,100,Closed,,,No Date,,110803,1511,Instrumentation,
ei-initiative-099,85,Initiatives - Future,Instrumentation and Controls,Department,Word Document,"I&C MTO design and development best practices: Estimating development and writeup of best practices applied during class 2 estimates, to lower quantities and cost of the project.",Raul Ledezma,,Closed Out,"Working on the document. Expected ETA by May 1st.
Meeting with ABB, Schneider, Emerson and Honeywell to ensure vendors can all reduce quantities at the RIO",High,,Q3,3,100,Closed,,,Q3,,110803,1511,Instrumentation,
ei-initiative-100,86,Initiatives - Future,Instrumentation and Controls,Department,Presentation,Prepare a new onboard presentation to provide an overview I&C takeoffs for personnel.,Raul Ledezma,,Not Started,Existing presentaiton to be used as an starting point. To be started after best practices initiative is complete.,Low,,Q3,1,0,Open,,,Q3,,110803,1511,Instrumentation,
ei-initiative-101,87,Indicative Tool,Instrumentation and Controls,Estimating,Indicative Tool,I&C Indicative Tool,Rene Contreras,,Closed Out,"Item broken out in separate activities covered in items 17, 57, 67.",Critical,,,4,100,Closed,,,No Date,,110803,1511,Instrumentation,
ei-initiative-102,88,Indicative Tool,Instrumentation and Controls,Estimating,Indicative Tool,I&C Indicative Procedure,Rene Contreras,Rasheed Oduro,In Review,Indicative procedure is about 80% done for I&C.,Low,,Q3,1,90,Open,,,Q3,,110803,1511,Instrumentation,
ei-initiative-103,89,BB Toolset Symbols,Instrumentation and Controls,Estimating,ADAPT - Bluebeam Tools,"Validation of BB metadata for all instrument symbols to align with latest updates in I&C instruments' assemblies.
All instrument symbols recreated.",Rene Contreras,Rene Contreras,In Review,,Low,,Q3,1,90,Open,,,Q3,,110803,1511,Instrumentation,
ei-initiative-104,90,BB Toolset Symbols,Instrumentation and Controls,Estimating,ADAPT - Bluebeam Tools,Validation of BB metadata for all TELECOM symbols to align with latest updates in Network/Telecom/Security assemblies.,Rene Contreras,,75% Complete,,Low,,Q3,1,75,Open,,,Q3,,110803,1511,Instrumentation,
ei-initiative-105,91,BB Toolset Symbols,Instrumentation and Controls,Estimating,ADAPT - Bluebeam Tools,Creation of Telecom Symbols in CAD,Rene Contreras,,Complete,,Low,,Q3,1,100,Closed,,,Q3,,110803,1511,Instrumentation,
ei-initiative-106,92,CAD Toolset Symbols,Instrumentation and Controls,Estimating,AutoCAD,Validation of CAD metadata for all TELECOM symbols to align with latest updates in Network/Telecom/Security assemblies.,Rene Contreras,Rene Contreras,In Review,,Low,,Q3,1,90,Open,,,Q3,,110803,1511,Instrumentation,
ei-initiative-107,93,Master Sheets - P.Query,E&I Department,Estimating,"Software Improvement
IO 101029801","Working with Aden to transfer calculation, formatting macros and output reports from the E&I Excel Master Sheets to Power Query",Rene Contreras,,75% Complete,"[6/16] Prepared data set from TX Lng estimate to test tool. Aden is running his test. waiting on results. 
[5/6] had multiple meetings with Syed/Aden to align take-offs data fields and defining INPUT data.
[4/28] Syed to update Excel logic sheet sent by Aden to identify data sources for W&B and HD reports.  Meeting to be scheduled to follow up on 4/30",Critical,2026-05-15,,4,75,Open,,,Q2,,110803,101029801,Electrical,
ei-initiative-108,94,Moved - KOE Standard,E&I Department,Benchmark / Labor,Work Flow,Electrical Department - Employee ultization Tool for Leads and Department Management to better manage tasks and balance in the department - Visual tool easy to update and use.,Tyler Reck,Allen Douglas,In Review,,Medium,2026-06-17,,2,90,Open,,,Q2,,110803,1511,Electrical,
ei-initiative-109,95,Initiatives Folder,E&I Department,Estimating,Procedure (OGC),E&I Initiative Game Plan for Takeoff Assignment & Schedule,Ahmad Yakuba,Allen Douglas,In Review,"E&I game plan folder is created , this document gives guidelines for preparing an estimate.",Low,2026-05-20,,1,90,Open,,,Q2,,110803,1511,Electrical,
ei-initiative-110,96,Installation Details,Instrumentation and Controls,Department,Procurement - QCS,Working with Swagelok reviewing 1E/KOE assemblies/Installation details to find opportunities for improvement and to obtain Swagelok Part Numbers that can help us obtain Periodically prices updates to simplify Estimate Bulk pricing,Rene Contreras,,75% Complete,"Assemblies/Installations details sent, waiting on Swagelok updates.",Low,,Q3,1,75,Open,,,Q3,,110803,1511,Instrumentation,
ei-initiative-111,97,BB Toolset Symbols,Instrumentation and Controls,Engineering,Standard Template,Working with KOE/KIE to define Standard Symbols to be used for Telecommunication Equipment Location Layouts,Rene Contreras,,Closed Out,,Low,,,1,100,Closed,,,No Date,,110803,1511,Instrumentation,
ei-initiative-112,98,TBD - Folder Not Created,E&I Department,Procurement,Procurement - QCS,Predictive Pricing (KSN archived purchases + AI ),ADAPT,,HOLD,"after ADAPT 2.0 completion, coordinate predictive pricing to be generated on QCS Sheets as a comparable to vendor prices.",Low,,,1,0,Blocked,,,No Date,,110803,1511,Electrical,
ei-initiative-113,99,BB Toolset Symbols,Instrumentation and Controls,Engineering,Standard Template,Working with KOE/Process Safety to define Standard Symbols to be used for Fire & Gas Device Location Layouts,Rene Contreras,,Closed Out,,Low,,,1,100,Closed,,,No Date,,110803,1511,Instrumentation,
ei-initiative-114,100,BB Toolset Symbols,Instrumentation and Controls,Engineering,Standard Template,Working with KOE/Instrumentation to define Standard Index Template with common functions that support engineering deliverable needs and Estimating needs,Rene Contreras,,Closed Out,,Low,,,1,100,Closed,,,No Date,,110803,1511,Instrumentation,
ei-initiative-115,101,Consistency Workshop,Instrumentation and Controls,Department,"Training Improvement
IO 101023951",Update Instrument Index Manual to align with changes in logic implemented in Adapt,Rene Contreras,,HOLD,,Low,,,1,0,Blocked,,,No Date,,110803,101023951,Instrumentation,
ei-initiative-116,102,Consistency Workshop,Instrumentation and Controls,Department,"Training Improvement
IO 101023951",Update Network Take-off  Manual to align with changes in logic implemented in Adapt,Rene Contreras,,HOLD,,Low,,,1,0,Blocked,,,No Date,,110803,101023951,Instrumentation,
ei-initiative-117,103,Consistency Workshop,Instrumentation and Controls,Department,"Training Improvement
IO 101023951",Update Security Take-off  Manual to align with changes in logic implemented in Adapt,Rene Contreras,,HOLD,,Low,,,1,0,Blocked,,,No Date,,110803,101023951,Instrumentation,
ei-initiative-118,104,Consistency Workshop,Instrumentation and Controls,Department,"Training Improvement
IO 101023951",Update Telecom Take-off  Manual to align with changes in logic implemented in Adapt,Rene Contreras,,HOLD,,Low,,,1,0,Blocked,,,No Date,,110803,101023951,Instrumentation,
ei-initiative-119,105,I&C Adapt Logic,Instrumentation and Controls,Department,ADAPT - Assemblies / KIDs,"Review of I&C Assemblies, alignment with KOE Installation details, development of assemblies sketches, update of account codes, material quantities, material ratios, Adapt calculations, etc.",Rene Contreras,,Closed Out,,Low,,,1,100,Closed,,,No Date,,110803,1511,Instrumentation,
ei-initiative-120,106,I&C Adapt Logic,Instrumentation and Controls,Department,ADAPT - Logic,"Update of Adapt logic to integrate new assemblies, new functions, and material optimizations alignning with New Index Template.",Rene Contreras,,Closed Out,,Low,,,1,100,Closed,,,No Date,,110803,1511,Instrumentation,
ei-initiative-121,107,I&C Adapt Logic,Instrumentation and Controls,Department,ADAPT - Logic,"Update of instruments profiles to cover updates in assemblies, logic and new index.",Rene Contreras,,Closed Out,,Low,,,1,100,Closed,,,No Date,,110803,1511,Instrumentation,
ei-initiative-122,108,BB Toolset Symbols,Instrumentation and Controls,Department,ADAPT - Bluebeam Tools,Update of Instrument Symbols in BB tool to align with New Index and assemblies updates,Rene Contreras,,Closed Out,,Low,,,1,100,Closed,,,No Date,,110803,1511,Instrumentation,
ei-initiative-123,109,Moved - Department SharePoint,Instrumentation and Controls,Department,Project SharePoint,Reorganization of I&C initiatives documents into new SharePoint folders,Rene Contreras,,Complete,,Medium,,Q3,2,100,Closed,,,Q3,,110803,1511,Instrumentation,
ei-initiative-124,110,Energy Standardization,Instrumentation and Controls,Department,ADAPT - Assemblies / KIDs,"Review, align, update Adapt Material Catalog accordingly with the changes incorporated in Assemblies",Rene Contreras,,25% Complete,"Witing on Adapt team to generate latest conformed material list.
Meeting with ADAPT team done 05/06/26.",Critical,,Q3,4,25,Open,,,Q3,,110803,1511,Instrumentation,
ei-initiative-125,111,Master Sheets - P.Query,E&I Department,Estimating,"Software Improvement
IO 101029801",Testing of Power Query tool to generate HD upload report / W&B sheet,Rene Contreras,,Not Started,to start after Power Query tool is completed.,Critical,,,4,0,Open,,,No Date,,110803,101029801,Electrical,
ei-initiative-126,112,Vendor Presentations,E&I Department,Estimating,Presentation,Vendor Visit Presenation - TMEIC,Ahmad Yakuba,Allen Douglas,In Review,"Preliminary Review is done, incorporated all comments and present a final version review posponed till Ali is back from Timeoff",Low,2026-06-04,,1,90,Open,,,Q2,,110803,1511,Electrical,
ei-initiative-127,113,Cable Automation,E&I Department,Wire and Cable,Cable List,Automated Cable List,Tyler Reck,,Started,"Create wire diagrams for all MEL, vendor, electrical systems in OGC work - 
automate the list so only cable length has to be be updated in the schedule - 
this will standardize all wiring across all OGC 
work and should be able to be given to the ADAPT Team for intergration into the ADAPT program",Low,,Q3,1,25,Open,,,Q3,,110803,1511,Electrical,
ei-initiative-128,114,Energy Standardization,E&I Department,Department,OGC Estimate Checklist,Update the estimate schedule by adding estimate procedures to properly account for the hours required for E&I,Ahmad Yakuba,Allen Douglas,Started,We are developing this schedule using homer city as it progress.electrical and Instrumentation will coodinate for full implementation,Medium,2026-07-06,,2,25,Open,,,Q3,,110803,1511,Electrical,
ei-initiative-129,115,Consistency Workshop,Electrical,Grounding,"Training Improvement
IO 101023951","Align on ""cradle to grave"" of this Catgory  and identify Action Items",Ali Malik,Allen Douglas,50% Complete,"Email ""Electrical Take-Off - Grounding"" sent 4/22 to department
Next Meeting 5/7/2026",High,,Q2,3,50,Open,,,Q2,,110803,101023951,Electrical,
ei-initiative-130,116,Quantity Summary Sheet,E&I Department,Cable - General,Cable List,"Update E&I Quantity summary sheet to newest version, implementing changes discussed with management",Tyler Reck,Raul Ledezma,In Review,,Medium,2026-06-18,,1,90,Open,,,Q2,,110803,1511,Electrical,
ei-initiative-131,117,Energy Standardization,Instrumentation and Controls,Raceway,Procedure (Energy),Preparation of CAD drawings for I&C cable and tubing supports to be submitted in KEGI toolbox,Rojna Ghamsari,Rene Contreras,In Review,,Low,,,0,90,,,,No Date,,110803,1511,Instrumentation,
ei-initiative-132,118,Consistency Workshop,E&I Department,Wire and Cable,Cable List,Update Cable List to Support Homer City Gas Yard,Tyler Reck,Ali Malik,25% Complete,"07/06/2026 -  Started Process to better automate our cable list. Inclusion of cable length, segregation status, voltage.",High,,Q3,3,25,Open,,,Q3,,110803,1511,Electrical,
